{
	"partitions" : [
		{
			"name" : "Top",
			"pins" : [
				{
					"name" : "C[6]",
					"strict" : false
				},
				{
					"name" : "C[5]",
					"strict" : false
				},
				{
					"name" : "C[4]",
					"strict" : false
				},
				{
					"name" : "C[3]",
					"strict" : false
				},
				{
					"name" : "C[2]",
					"strict" : false
				},
				{
					"name" : "C[1]",
					"strict" : false
				},
				{
					"name" : "C[0]",
					"strict" : false
				},
				{
					"name" : "CH0[11]",
					"strict" : false
				},
				{
					"name" : "CH0[10]",
					"strict" : false
				},
				{
					"name" : "CH0[9]",
					"strict" : false
				},
				{
					"name" : "CH0[8]",
					"strict" : false
				},
				{
					"name" : "CH0[7]",
					"strict" : false
				},
				{
					"name" : "CH0[6]",
					"strict" : false
				},
				{
					"name" : "CH0[5]",
					"strict" : false
				},
				{
					"name" : "CH0[4]",
					"strict" : false
				},
				{
					"name" : "CH0[3]",
					"strict" : false
				},
				{
					"name" : "CH0[2]",
					"strict" : false
				},
				{
					"name" : "CH0[1]",
					"strict" : false
				},
				{
					"name" : "CH0[0]",
					"strict" : false
				},
				{
					"name" : "D[6]",
					"strict" : false
				},
				{
					"name" : "D[5]",
					"strict" : false
				},
				{
					"name" : "D[4]",
					"strict" : false
				},
				{
					"name" : "D[3]",
					"strict" : false
				},
				{
					"name" : "D[2]",
					"strict" : false
				},
				{
					"name" : "D[1]",
					"strict" : false
				},
				{
					"name" : "D[0]",
					"strict" : false
				},
				{
					"name" : "U[6]",
					"strict" : false
				},
				{
					"name" : "U[5]",
					"strict" : false
				},
				{
					"name" : "U[4]",
					"strict" : false
				},
				{
					"name" : "U[3]",
					"strict" : false
				},
				{
					"name" : "U[2]",
					"strict" : false
				},
				{
					"name" : "U[1]",
					"strict" : false
				},
				{
					"name" : "U[0]",
					"strict" : false
				},
				{
					"name" : "UNIT[6]",
					"strict" : false
				},
				{
					"name" : "UNIT[3]",
					"strict" : false
				},
				{
					"name" : "RST",
					"strict" : false
				},
				{
					"name" : "CLK_adc",
					"strict" : false
				},
				{
					"name" : "CLK",
					"strict" : false
				},
				{
					"name" : "BOT",
					"strict" : false
				}
			]
		}
	]
}